/*
データベース演習I 課題3
クラス：SK1A 04
制作者：文家俊
作成日：2022/10/13
*/

mysql> source database3.sql
--------------
SELECT  *  FROM  MATERIAL
WHERE  MNAME  LIKE  '%チーズ%'
--------------

+-------------+-----------------------------+-----------------+------+
| MATERIAL_NO | MNAME                       | ORIGIN          | COST |
+-------------+-----------------------------+-----------------+------+
| 00001       | チーズ                      | 北海道          |   50 |
| 00002       | モッツァレラチーズ          | 北海道          |  700 |
| 00003       | パルメザンチーズ            | イタリア        |  450 |
| 00004       | チェダーチーズ              | イギリス        |  550 |
| 00005       | ブルーチーズ                | デンマーク      |  600 |
+-------------+-----------------------------+-----------------+------+
5 rows in set (0.00 sec)

--------------
INSERT INTO MATERIAL(MATERIAL_NO,MNAME,ORIGIN,COST)
VALUES ('00024','ゴーダチーズ','オランダ','550')
--------------

Query OK, 1 row affected (0.00 sec)

--------------
SELECT * FROM MATERIAL WHERE MATERIAL_NO='00024'
--------------

+-------------+--------------------+--------------+------+
| MATERIAL_NO | MNAME              | ORIGIN       | COST |
+-------------+--------------------+--------------+------+
| 00024       | ゴーダチーズ       | オランダ     |  550 |
+-------------+--------------------+--------------+------+
1 row in set (0.00 sec)

--------------
COMMIT
--------------

Query OK, 0 rows affected (0.01 sec)

--------------
SELECT DISTINCT ORIGIN FROM MATERIAL
--------------

+-----------------+
| ORIGIN          |
+-----------------+
| 北海道          |
| イタリア        |
| イギリス        |
| デンマーク      |
| アメリカ        |
| NULL            |
| 長野            |
| 熊本            |
| 茨木            |
| 兵庫            |
| 高知            |
| オランダ        |
+-----------------+
12 rows in set (0.00 sec)

--------------
SELECT * FROM MATERIAL
WHERE ORIGIN is NULL
ORDER BY COST
--------------

+-------------+-----------------------------+--------+------+
| MATERIAL_NO | MNAME                       | ORIGIN | COST |
+-------------+-----------------------------+--------+------+
| 00022       | バーベキューソース          | NULL   |   20 |
| 00020       | トマトソース                | NULL   |   30 |
| 00023       | メイプルソース              | NULL   |   30 |
| 00021       | ホワイトソース              | NULL   |   35 |
| 00009       | ローストチキン              | NULL   |  400 |
| 00011       | シーフードミックス          | NULL   |  500 |
| 00010       | マッシュルーム              | NULL   |  700 |
+-------------+-----------------------------+--------+------+
7 rows in set (0.00 sec)

--------------
UPDATE MATERIAL SET ORIGIN = '千葉',COST='450'
WHERE MATERIAL_NO='00010'
--------------

Query OK, 1 row affected (0.00 sec)
Rows matched: 1  Changed: 1  Warnings: 0

--------------
SELECT * FROM MATERIAL WHERE MATERIAL_NO='00010'
--------------

+-------------+-----------------------+--------+------+
| MATERIAL_NO | MNAME                 | ORIGIN | COST |
+-------------+-----------------------+--------+------+
| 00010       | マッシュルーム        | 千葉   |  450 |
+-------------+-----------------------+--------+------+
1 row in set (0.00 sec)

--------------
SELECT * FROM MATERIAL 
WHERE ORIGIN='北海道'
ORDER BY COST DESC LIMIT 1
--------------

+-------------+-----------------------------+-----------+------+
| MATERIAL_NO | MNAME                       | ORIGIN    | COST |
+-------------+-----------------------------+-----------+------+
| 00002       | モッツァレラチーズ          | 北海道    |  700 |
+-------------+-----------------------------+-----------+------+
1 row in set (0.00 sec)

--------------
UPDATE MATERIAL SET COST='650'
WHERE MATERIAL_NO='00002'
--------------

Query OK, 1 row affected (0.00 sec)
Rows matched: 1  Changed: 1  Warnings: 0

--------------
SELECT * FROM MATERIAL WHERE MATERIAL_NO='00002'
--------------

+-------------+-----------------------------+-----------+------+
| MATERIAL_NO | MNAME                       | ORIGIN    | COST |
+-------------+-----------------------------+-----------+------+
| 00002       | モッツァレラチーズ          | 北海道    |  650 |
+-------------+-----------------------------+-----------+------+
1 row in set (0.00 sec)

--------------
COMMIT
--------------

Query OK, 0 rows affected (0.01 sec)

--------------
Select Work_Store AS '店鋪番号', ENAME AS '氏名', JOB AS '職種', SALARY AS '時給' FROM EMPLOYEE
WHERE JOB != '店長'
ORDER BY WORK_STORE,SALARY DESC,EMP_NO;
--------------

+--------------+-----------------+--------+--------+
| 店鋪番号     | 氏名            | 職種   | 時給   |
+--------------+-----------------+--------+--------+
| 001          | 友保隼平        | 受付   |    950 |
| 001          | 稲田直樹        | 配達   |    900 |
| 001          | 河井ゆずる      | 調理   |    900 |
| 002          | 横山裕          | 配達   |    850 |
| 002          | 大倉忠義        | 配達   |   1000 |
| 002          | 安田章大        | 調理   |    850 |
| 002          | 丸山隆平        | 受付   |    850 |
| 005          | 秋元真夏        | 調理   |    950 |
| 005          | 生田絵梨花      | 配達   |    800 |
| 005          | 白石麻衣        | 調理   |    800 |
| 005          | 高山一実        | 受付   |    800 |
+--------------+-----------------+--------+--------+
11 rows in set (0.00 sec)

--------------
SELECT ENAME, JOB, SALARY FROM EMPLOYEE
WHERE SALARY BETWEEN  800  AND  899
ORDER BY SALARY
--------------

+-----------------+--------+--------+
| ENAME           | JOB    | SALARY |
+-----------------+--------+--------+
| 生田絵梨花      | 配達   |    800 |
| 白石麻衣        | 調理   |    800 |
| 高山一実        | 受付   |    800 |
| 横山裕          | 配達   |    850 |
| 安田章大        | 調理   |    850 |
| 丸山隆平        | 受付   |    850 |
+-----------------+--------+--------+
6 rows in set (0.00 sec)

--------------
UPDATE EMPLOYEE SET SALARY='890'
WHERE SALARY BETWEEN  800  AND  899
--------------

Query OK, 6 rows affected (0.00 sec)
Rows matched: 6  Changed: 6  Warnings: 0

--------------
SELECT ENAME, JOB, SALARY FROM EMPLOYEE
WHERE SALARY='890'
ORDER BY SALARY
--------------

+-----------------+--------+--------+
| ENAME           | JOB    | SALARY |
+-----------------+--------+--------+
| 横山裕          | 配達   |    890 |
| 安田章大        | 調理   |    890 |
| 丸山隆平        | 受付   |    890 |
| 生田絵梨花      | 配達   |    890 |
| 白石麻衣        | 調理   |    890 |
| 高山一実        | 受付   |    890 |
+-----------------+--------+--------+
6 rows in set (0.00 sec)

--------------
Commit
--------------

Query OK, 0 rows affected (0.01 sec)

mysql> notee
